student_id,assignment_1,assignment_2,assignment_3,attendance,study_hours,past_gpa,final_score,pass_fail,grade
1,72.5,82.0,81.9,64.2,13.1,5.7,76.3,1,B+
2,62.9,60.8,70.0,77.7,14.6,6.95,64.3,1,B
3,74.7,77.5,74.6,66.8,13.3,7.03,65.0,1,B
4,87.8,86.1,82.3,70.9,19.7,7.71,77.5,1,B+
5,61.5,60.0,58.1,100.0,6.3,4.95,59.6,1,C
6,61.5,61.0,56.3,95.1,7.9,7.89,53.8,1,C
7,88.7,92.5,94.2,55.5,7.4,2.94,77.6,1,B+
8,76.5,74.7,85.4,87.4,17.0,6.06,80.2,1,A
9,58.0,70.0,72.9,87.2,17.4,6.27,74.6,1,B+
10,73.1,67.9,67.4,57.8,14.7,7.95,64.6,1,B
11,58.0,58.5,57.7,87.3,19.1,7.03,64.4,1,B
12,58.0,56.5,48.1,98.1,4.9,4.89,46.2,1,D
13,68.6,82.2,88.5,58.2,22.0,5.52,78.3,1,B+
14,36.3,39.9,40.4,61.2,21.1,7.3,39.0,0,F
15,39.1,49.4,49.3,90.3,16.4,6.88,52.6,1,C
16,56.6,46.7,66.9,79.1,22.7,6.13,57.9,1,C
17,49.8,53.9,56.7,83.3,2.1,6.28,61.2,1,B
18,69.7,78.8,75.3,80.1,8.9,8.04,68.3,1,B
19,51.4,54.1,52.5,80.9,7.6,6.22,57.2,1,C
20,43.8,54.3,62.2,55.1,16.3,6.87,52.4,1,C
21,87.0,84.9,86.6,90.7,5.7,10.0,82.8,1,A
22,61.6,74.9,67.3,92.5,16.5,4.86,66.7,1,B
23,66.0,86.4,92.9,71.6,20.2,4.22,73.0,1,B+
24,43.6,42.7,39.7,74.3,16.2,8.18,46.6,1,D
25,56.8,55.2,67.4,52.0,13.7,5.98,57.5,1,C
26,66.7,80.3,87.8,82.7,6.1,6.52,76.4,1,B+
27,47.7,62.3,60.6,83.6,6.9,5.83,58.1,1,C
28,70.6,68.4,77.1,74.1,19.5,6.61,74.5,1,B+
29,56.0,54.6,56.0,91.9,16.7,9.4,64.6,1,B
30,60.6,60.3,66.4,70.0,11.8,8.2,57.2,1,C
31,56.0,47.2,51.1,83.5,9.5,8.29,58.9,1,C
32,92.8,87.5,83.4,59.7,0.0,4.88,72.6,1,B+
33,64.8,58.8,55.9,74.6,5.6,5.27,61.3,1,B
34,49.1,45.0,52.2,72.4,23.5,2.74,53.2,1,C
35,77.3,79.0,78.0,78.4,4.3,5.79,64.1,1,B
36,46.7,50.6,49.2,69.5,13.1,8.44,52.0,1,C
37,68.1,82.5,77.8,73.0,18.0,7.78,71.6,1,B+
38,35.6,29.6,33.1,87.4,4.5,6.67,35.0,0,F
39,45.1,55.0,68.4,68.4,13.1,6.97,63.9,1,B
40,68.0,68.3,62.9,50.9,17.6,5.97,59.5,1,C
41,76.1,77.7,78.8,100.0,12.1,7.31,72.9,1,B+
42,67.6,75.0,84.5,95.7,29.2,8.15,77.9,1,B+
43,63.3,56.3,56.8,55.6,2.0,4.58,58.4,1,C
44,60.5,65.6,69.3,85.3,18.4,7.45,65.7,1,B
45,42.8,46.1,40.7,67.5,11.0,8.4,52.3,1,C
46,54.2,60.1,63.7,79.0,16.6,6.38,63.1,1,B
47,58.1,62.4,62.3,79.4,14.6,8.05,51.3,1,C
48,80.9,100.0,100.0,71.5,7.6,10.0,85.5,1,A
49,70.2,67.1,75.2,63.2,13.4,6.84,65.2,1,B
50,38.6,36.4,52.9,64.6,0.9,7.59,47.4,1,D
51,69.9,66.9,71.4,61.3,15.6,5.89,53.1,1,C
52,59.2,56.8,59.8,62.5,13.8,7.27,71.0,1,B+
53,54.8,51.7,53.9,74.0,15.8,7.69,58.3,1,C
54,74.2,85.7,84.6,64.3,18.3,7.29,78.0,1,B+
55,80.5,93.9,96.9,85.2,14.2,5.47,91.3,1,A+
56,79.0,76.4,75.6,97.3,12.9,7.31,87.9,1,A
57,52.4,47.7,49.7,66.3,6.7,9.19,56.2,1,C
58,60.4,66.2,75.1,78.6,7.7,7.67,71.4,1,B+
59,70.0,67.6,62.6,82.5,19.1,8.44,68.2,1,B
60,79.6,86.7,94.5,82.1,20.6,6.64,82.8,1,A
61,57.8,61.4,70.3,76.1,10.6,8.12,61.2,1,B
62,62.2,52.1,52.4,86.1,12.3,7.42,53.7,1,C
63,48.4,62.8,51.1,82.2,6.6,5.57,51.4,1,C
64,47.1,63.5,60.9,56.4,19.0,7.48,50.4,1,C
65,77.2,74.3,83.1,88.0,16.0,5.51,75.6,1,B+
66,85.3,84.2,85.1,88.3,23.6,6.05,73.7,1,B+
67,63.9,68.2,63.2,63.6,6.7,7.28,63.6,1,B
68,80.1,84.8,82.8,75.6,9.7,7.45,78.1,1,B+
69,70.4,77.7,83.7,85.2,13.4,5.22,75.3,1,B+
70,55.3,73.4,77.7,71.9,15.9,8.58,65.9,1,B
71,70.4,71.0,70.6,91.1,10.7,7.86,86.0,1,A
72,88.1,83.7,82.5,100.0,6.8,5.94,88.2,1,A
73,64.5,55.5,54.1,63.2,17.3,4.69,50.4,1,C
74,88.5,84.7,80.2,54.3,16.3,6.78,79.0,1,B+
75,25.7,27.4,38.1,79.6,6.5,6.33,33.4,0,F
76,77.3,93.7,92.8,85.8,20.1,7.17,79.7,1,B+
77,66.3,64.2,72.5,71.5,19.0,6.46,60.0,1,B
78,60.5,64.3,74.4,96.8,12.8,3.99,68.6,1,B
79,66.4,68.3,75.3,54.9,12.5,6.42,62.8,1,B
80,35.2,46.7,45.1,85.4,15.3,6.54,52.2,1,C
81,61.7,83.9,87.3,65.9,6.8,7.95,78.8,1,B+
82,70.4,68.2,69.1,100.0,12.2,5.95,76.4,1,B+
83,87.2,85.3,80.9,100.0,0.0,9.52,77.9,1,B+
84,57.2,67.6,70.5,63.5,17.3,4.13,64.9,1,B
85,52.9,60.4,54.3,66.8,2.6,8.97,59.2,1,C
86,57.5,74.3,82.4,87.9,21.0,6.66,69.5,1,B
87,78.7,85.4,83.6,69.2,10.0,8.29,74.3,1,B+
88,69.9,69.0,71.2,74.3,10.7,7.12,76.2,1,B+
89,57.1,63.8,66.5,75.4,8.2,8.71,64.0,1,B
90,72.7,83.6,83.0,46.2,10.3,6.42,76.0,1,B+
91,66.5,75.1,79.6,74.8,20.5,5.35,67.4,1,B
92,79.5,85.6,83.8,64.7,0.0,9.13,71.4,1,B+
93,54.5,65.0,71.2,67.6,19.7,6.83,60.5,1,B
94,60.1,71.5,64.4,96.7,14.0,7.33,66.3,1,B
95,59.1,72.2,74.0,56.2,4.8,8.85,60.2,1,B
96,43.0,50.2,62.8,87.2,5.5,5.45,54.1,1,C
97,69.4,70.1,65.1,70.8,22.1,7.89,59.2,1,C
98,68.9,72.1,69.0,70.8,6.3,6.12,61.1,1,B
99,65.1,76.8,80.9,86.9,5.1,6.8,75.7,1,B+
100,61.5,57.0,59.1,80.1,18.8,7.11,63.8,1,B
101,43.8,48.7,51.8,83.6,14.0,4.75,48.8,1,D
102,58.7,57.6,61.5,89.5,6.4,5.83,54.9,1,C
103,59.9,62.1,66.9,70.0,13.3,9.03,58.3,1,C
104,53.0,65.2,72.9,65.8,5.8,8.33,60.9,1,B
105,62.6,66.1,69.6,58.7,18.6,6.91,67.5,1,B
106,71.1,73.5,73.1,62.6,18.4,7.36,74.5,1,B+
107,93.3,84.4,89.4,100.0,15.2,6.56,83.6,1,A
108,67.6,75.6,88.0,93.7,14.2,9.03,71.7,1,B+
109,68.9,76.1,76.3,54.7,22.6,6.7,71.6,1,B+
110,63.9,83.2,78.4,55.2,12.0,7.35,66.6,1,B
111,36.2,35.7,43.3,82.2,4.9,8.72,41.4,1,D
112,64.6,68.4,68.7,83.2,14.7,5.83,73.2,1,B+
113,65.9,69.9,57.9,83.2,24.5,9.34,70.9,1,B+
114,100.0,100.0,100.0,71.2,5.9,4.7,90.8,1,A+
115,62.1,63.3,61.1,73.1,9.8,9.44,56.3,1,C
116,69.5,73.7,74.2,79.9,14.5,6.44,71.8,1,B+
117,64.5,71.4,74.4,76.3,11.7,6.64,73.7,1,B+
118,47.5,51.0,53.1,41.7,6.1,4.16,45.5,1,D
119,82.1,80.5,85.8,71.6,18.7,6.32,85.3,1,A
120,76.3,79.9,78.3,62.2,25.9,5.44,80.5,1,A
121,76.9,87.5,91.6,77.6,13.2,6.09,89.0,1,A
122,51.4,45.2,44.6,100.0,6.6,6.79,53.1,1,C
123,86.0,89.1,94.5,80.5,2.7,8.44,87.6,1,A
124,44.0,40.4,45.1,70.3,13.5,7.31,53.7,1,C
125,73.8,85.4,80.8,88.8,18.6,7.46,80.7,1,A
126,97.9,87.7,95.2,82.2,14.9,5.36,84.8,1,A
127,50.1,47.6,45.4,81.3,12.0,5.68,48.0,1,D
128,56.5,61.5,67.3,84.1,8.5,9.7,65.0,1,B
129,66.5,81.0,84.2,100.0,5.4,5.9,69.2,1,B
130,57.4,58.9,70.9,58.0,17.0,9.48,61.9,1,B
131,41.7,39.3,39.0,82.1,17.5,6.64,50.7,1,C
132,66.0,83.0,81.9,61.1,2.7,7.0,60.7,1,B
133,49.1,39.5,40.4,83.3,21.5,8.61,56.7,1,C
134,72.1,56.5,55.7,61.2,15.4,8.91,66.6,1,B
135,51.2,56.7,62.5,68.7,20.4,6.83,55.8,1,C
136,88.2,86.2,77.5,70.6,3.9,6.42,80.2,1,A
137,53.3,47.1,41.8,89.6,3.8,6.92,50.5,1,C
138,60.2,67.9,62.5,88.8,11.1,7.51,70.7,1,B+
139,77.2,81.2,87.9,56.3,15.0,8.34,82.2,1,A
140,46.5,44.0,55.3,75.8,22.8,7.01,45.6,1,D
141,68.4,60.2,60.6,64.4,16.2,7.93,65.3,1,B
142,84.6,93.6,93.6,56.1,10.5,9.46,83.0,1,A
143,40.9,48.1,49.5,71.7,5.8,7.57,49.0,1,D
144,67.8,69.0,77.0,70.4,19.4,7.47,66.4,1,B
145,68.9,85.7,81.1,100.0,6.2,4.72,84.7,1,A
146,76.7,70.1,72.5,81.5,21.8,3.05,75.5,1,B+
147,46.4,36.2,43.1,54.3,10.3,7.58,40.1,1,D
148,45.2,41.7,45.7,66.5,21.5,6.86,41.0,1,D
149,72.8,74.4,76.5,90.3,16.1,6.23,71.6,1,B+
150,69.5,73.4,80.4,100.0,11.2,7.37,76.8,1,B+
151,68.8,68.9,53.7,51.2,8.9,6.91,61.2,1,B
152,70.2,75.0,80.1,46.8,10.0,8.69,76.6,1,B+
153,54.8,46.8,43.9,100.0,14.6,7.13,57.5,1,C
154,68.5,82.1,72.1,80.8,12.5,5.88,76.4,1,B+
155,69.4,70.7,74.8,62.0,8.4,8.49,70.4,1,B+
156,54.3,65.2,74.4,83.0,11.0,6.67,58.0,1,C
157,93.0,97.7,97.9,35.5,12.5,7.79,84.8,1,A
158,72.1,77.8,84.5,75.1,0.0,6.28,78.8,1,B+
159,47.1,53.7,64.4,79.9,14.7,6.03,56.7,1,C
160,74.8,80.4,89.3,88.9,6.1,7.13,81.2,1,A
161,50.4,57.5,68.3,59.8,5.1,7.02,55.9,1,C
162,76.8,89.4,94.9,76.3,1.9,7.72,76.6,1,B+
163,82.4,86.0,87.5,61.1,1.2,6.6,77.3,1,B+
164,52.7,60.4,51.8,78.8,3.9,4.25,55.8,1,C
165,79.5,80.8,80.3,61.6,7.7,6.35,71.0,1,B+
166,71.2,84.7,80.6,68.9,23.7,8.19,75.3,1,B+
167,77.3,73.9,87.9,60.1,8.8,6.55,69.6,1,B
168,93.5,100.0,99.9,84.8,13.1,6.63,97.0,1,A+
169,61.3,63.0,64.7,87.9,14.4,8.48,63.5,1,B
170,53.7,44.3,48.6,71.5,12.8,5.93,57.7,1,C
171,51.7,54.7,56.0,75.6,11.5,4.69,62.1,1,B
172,52.8,49.4,60.6,53.3,4.8,6.76,52.5,1,C
173,63.8,72.5,69.8,70.5,20.7,6.27,62.2,1,B
174,70.1,66.9,69.1,74.2,22.8,5.55,57.0,1,C
175,69.2,67.6,64.1,100.0,1.9,6.74,59.6,1,C
176,77.4,64.3,57.4,58.3,5.9,7.74,56.1,1,C
177,65.2,63.6,60.9,97.0,10.3,6.99,71.6,1,B+
178,86.8,69.4,70.2,90.0,6.2,7.46,74.0,1,B+
179,61.0,50.3,48.7,79.2,15.0,9.72,58.7,1,C
180,100.0,100.0,96.8,100.0,7.6,6.49,81.9,1,A
181,74.4,82.7,75.3,80.6,25.0,7.42,70.1,1,B+
182,52.1,57.5,58.0,80.8,19.1,6.24,62.3,1,B
183,48.9,43.2,35.2,74.2,13.3,5.73,46.6,1,D
184,72.2,73.8,79.4,93.4,18.2,6.12,73.8,1,B+
185,61.6,63.6,65.1,91.4,18.6,6.28,67.8,1,B
186,75.7,68.4,60.7,65.6,8.6,7.54,73.6,1,B+
187,72.1,86.1,85.2,55.2,7.1,10.0,75.2,1,B+
188,63.9,72.9,69.4,72.0,12.5,5.93,66.8,1,B
189,52.3,52.5,55.4,63.0,17.2,6.38,55.0,1,C
190,42.3,44.5,53.5,74.0,12.8,6.91,61.8,1,B
191,58.3,62.0,51.7,93.6,2.5,7.59,48.5,1,D
192,77.8,63.5,65.2,68.1,7.2,7.4,69.5,1,B
193,68.2,68.2,68.2,74.4,11.6,8.93,67.1,1,B
194,46.3,42.8,47.8,75.9,11.5,3.36,49.9,1,D
195,67.6,61.6,63.9,87.7,23.8,3.42,61.0,1,B
196,70.8,70.6,67.1,41.3,3.7,6.26,62.9,1,B
197,51.7,68.1,67.2,65.9,15.0,8.65,66.1,1,B
198,67.3,74.4,70.6,78.2,20.9,4.65,84.4,1,A
199,65.9,63.3,70.8,93.0,25.6,2.49,70.7,1,B+
200,47.9,54.5,55.6,67.6,9.6,7.86,49.7,1,D
201,70.4,83.6,96.0,46.9,14.9,7.37,75.0,1,B+
202,73.4,82.8,83.4,84.3,15.4,5.36,74.5,1,B+
203,81.2,83.7,80.4,65.5,13.2,5.52,67.0,1,B
204,80.8,77.6,69.5,57.2,11.4,5.55,68.4,1,B
205,44.3,51.9,42.1,65.6,14.6,7.17,51.9,1,C
206,50.9,56.0,47.5,72.2,0.0,6.06,44.9,1,D
207,72.7,81.9,84.5,65.9,16.1,7.74,81.3,1,A
208,72.7,79.8,83.9,41.9,12.8,2.72,72.6,1,B+
209,72.7,83.1,74.6,88.5,10.7,5.71,70.4,1,B+
210,100.0,97.7,100.0,94.1,24.3,5.31,93.2,1,A+
211,73.6,86.1,84.2,84.8,8.0,6.62,85.8,1,A
212,82.0,85.6,87.5,57.9,9.6,6.19,81.7,1,A
213,79.3,97.9,100.0,72.0,23.9,8.2,88.0,1,A
214,74.8,71.3,77.7,74.9,7.0,4.21,68.9,1,B
215,60.3,76.2,75.6,84.0,8.7,7.07,70.0,1,B+
216,76.4,80.0,75.7,85.0,11.1,7.84,72.8,1,B+
217,53.4,50.2,38.3,64.0,17.0,9.78,39.9,0,F
218,61.4,59.5,56.2,76.2,13.2,6.28,69.4,1,B
219,57.7,57.1,56.8,81.9,4.2,7.49,58.9,1,C
220,66.2,71.6,66.7,96.8,8.8,4.29,69.2,1,B
221,99.7,100.0,100.0,85.6,8.4,3.41,90.7,1,A+
222,37.0,34.4,35.9,86.8,11.5,8.27,38.9,0,F
223,75.3,77.1,76.8,76.3,14.6,6.99,72.8,1,B+
224,40.8,59.9,57.0,96.2,14.5,8.77,49.7,1,D
225,57.9,73.7,75.7,81.1,1.3,4.94,77.7,1,B+
226,81.3,86.8,90.5,62.1,18.4,7.78,74.9,1,B+
227,66.0,68.3,62.8,96.1,13.5,9.8,63.1,1,B
228,48.8,51.8,61.3,85.5,20.3,7.63,55.7,1,C
229,54.3,61.2,61.6,68.4,14.7,7.41,65.8,1,B
230,75.2,69.0,70.1,67.8,18.6,7.01,69.3,1,B
231,54.0,53.9,59.1,79.4,14.8,4.64,50.3,1,C
232,68.2,56.9,59.3,81.9,20.1,9.03,70.1,1,B+
233,65.7,70.9,77.6,78.0,15.1,6.08,73.4,1,B+
234,55.2,62.4,65.1,79.7,11.4,7.76,64.6,1,B
235,97.2,95.3,92.6,100.0,25.6,4.66,94.4,1,A+
236,74.5,89.1,92.3,91.1,17.3,5.23,94.0,1,A+
237,34.6,26.8,20.9,77.9,15.4,9.15,46.5,1,D
238,67.8,58.1,59.8,89.1,4.3,6.48,58.6,1,C
239,55.1,58.9,59.7,59.5,4.3,9.18,65.5,1,B
240,77.8,88.2,88.0,81.0,13.8,6.88,82.7,1,A
241,53.1,68.6,68.8,100.0,12.9,4.24,67.0,1,B
242,63.3,61.6,51.3,71.7,8.3,8.34,50.3,1,C
243,72.6,83.2,80.9,62.3,12.8,6.12,72.9,1,B+
244,78.0,79.7,81.3,65.2,21.5,8.05,72.4,1,B+
245,47.0,47.6,49.6,58.7,16.2,7.04,53.7,1,C
246,60.0,69.1,63.9,63.2,5.2,4.69,66.0,1,B
247,57.9,65.1,73.7,69.4,11.3,7.25,54.2,1,C
248,55.2,44.6,40.4,53.9,7.2,10.0,48.1,1,D
249,91.5,100.0,100.0,75.2,9.7,7.74,95.8,1,A+
250,71.1,84.1,87.7,88.5,9.5,6.91,77.4,1,B+
251,46.1,43.1,40.2,61.4,9.1,8.61,49.4,1,D
252,78.8,84.0,95.7,97.8,4.5,7.32,85.1,1,A
253,96.8,100.0,93.8,82.7,11.2,7.31,92.1,1,A+
254,80.5,84.6,91.1,90.5,8.6,5.36,79.8,1,B+
255,42.2,39.8,46.8,65.1,0.0,7.35,38.6,0,F
256,57.7,54.3,51.3,87.8,24.3,8.55,53.3,1,C
257,84.0,85.8,95.2,58.6,18.5,5.75,85.1,1,A
258,54.4,65.8,65.3,88.4,9.7,9.14,64.1,1,B
259,71.7,78.0,80.7,77.6,12.1,6.86,73.3,1,B+
260,76.6,75.6,78.2,83.3,5.0,5.67,71.1,1,B+
261,51.1,59.3,59.5,57.4,22.2,8.5,56.1,1,C
262,64.1,43.3,49.2,61.6,23.4,6.57,58.6,1,C
263,16.4,27.6,33.4,84.0,12.9,8.14,33.1,0,F
264,49.6,37.7,28.2,60.8,18.1,6.56,34.7,0,F
265,61.2,60.3,69.1,81.9,13.1,6.91,67.8,1,B
266,46.3,39.3,30.3,54.5,4.0,7.74,39.2,0,F
267,89.5,81.1,88.3,87.7,9.5,7.44,82.7,1,A
268,43.5,54.8,62.6,56.5,12.8,4.01,60.3,1,B
269,58.4,56.7,51.2,83.3,9.3,5.32,56.0,1,C
270,67.0,71.8,70.3,84.4,10.7,8.39,70.9,1,B+
271,86.6,88.2,82.6,64.5,11.5,6.8,73.6,1,B+
272,43.5,49.3,49.0,83.7,11.5,6.21,49.4,1,D
273,82.4,85.0,84.2,78.9,12.3,4.96,81.8,1,A
274,65.2,56.9,62.6,66.9,5.6,5.38,51.5,1,C
275,50.3,60.3,69.2,59.9,7.7,3.97,58.2,1,C
276,71.9,69.9,79.3,45.6,4.3,6.85,68.2,1,B
277,68.0,57.5,55.1,80.2,17.9,6.1,61.0,1,B
278,56.0,54.6,54.3,51.5,0.0,5.55,57.1,1,C
279,66.0,80.0,70.9,76.4,18.9,6.9,72.4,1,B+
280,59.2,68.0,64.2,71.0,20.3,7.55,71.4,1,B+
281,66.7,65.9,72.7,85.2,10.2,10.0,64.5,1,B
282,74.9,74.1,84.8,70.5,0.0,4.73,72.8,1,B+
283,88.8,88.2,81.8,70.1,9.8,8.74,81.6,1,A
284,46.4,65.0,62.4,86.0,11.6,8.46,55.2,1,C
285,97.0,100.0,100.0,80.0,5.9,5.83,95.5,1,A+
286,35.7,41.1,43.8,79.7,8.9,7.3,56.5,1,C
287,62.7,72.9,69.0,82.0,21.2,6.31,68.0,1,B
288,73.8,77.7,81.2,52.0,16.0,7.28,75.2,1,B+
289,69.2,69.1,67.3,86.4,6.5,9.26,69.1,1,B
290,55.7,56.1,57.0,84.2,2.4,7.91,54.1,1,C
291,61.9,63.3,67.6,59.7,10.0,7.76,53.3,1,C
292,57.6,59.3,60.3,71.3,10.7,6.35,55.2,1,C
293,56.2,64.0,62.4,74.4,15.0,4.77,53.1,1,C
294,77.7,80.1,80.4,73.0,8.8,6.69,83.6,1,A
295,70.4,78.3,78.8,80.0,15.1,8.81,74.2,1,B+
296,54.6,56.0,54.8,96.5,23.6,4.71,56.7,1,C
297,78.5,81.1,80.5,91.2,16.9,5.42,82.0,1,A
298,69.6,55.6,66.2,55.3,11.7,7.19,55.8,1,C
299,77.2,86.5,90.9,84.3,10.9,5.52,76.6,1,B+
300,74.4,79.2,78.4,94.9,9.9,5.81,75.6,1,B+
301,52.6,62.6,67.8,80.8,19.1,6.36,67.5,1,B
302,56.6,35.4,34.4,91.4,8.2,4.95,48.3,1,D
303,76.2,94.9,100.0,100.0,12.3,5.54,88.0,1,A
304,74.2,75.1,78.3,90.4,12.3,8.06,75.5,1,B+
305,64.7,75.6,76.0,78.7,9.0,5.04,71.2,1,B+
306,66.8,60.5,64.2,90.7,3.8,4.6,63.8,1,B
307,84.2,91.1,82.7,77.2,13.9,6.05,75.6,1,B+
308,56.1,49.7,43.9,75.4,11.6,8.1,52.6,1,C
309,73.2,70.2,64.0,69.7,15.0,6.7,61.5,1,B
310,62.0,79.3,81.2,98.5,8.8,6.3,74.0,1,B+
311,61.7,62.2,73.6,62.7,19.3,7.07,62.4,1,B
312,81.5,85.2,99.6,98.0,6.7,4.38,96.9,1,A+
313,77.4,86.4,91.2,82.5,22.3,7.74,82.5,1,A
314,77.2,83.2,87.2,54.0,1.5,7.58,68.6,1,B
315,84.6,87.8,78.0,80.5,14.6,6.39,78.5,1,B+
316,65.3,70.2,67.9,43.5,14.9,8.51,66.9,1,B
317,75.2,96.4,92.7,84.4,7.2,5.31,90.9,1,A+
318,60.3,61.8,59.1,88.3,14.5,8.69,59.9,1,C
319,69.9,73.5,73.5,66.1,19.7,7.23,62.2,1,B
320,63.0,73.4,71.6,76.9,0.0,6.5,70.6,1,B+
321,66.5,77.3,66.4,100.0,15.0,6.97,64.0,1,B
322,73.9,85.4,90.9,67.4,0.0,6.84,75.1,1,B+
323,52.7,59.8,54.4,59.1,6.2,8.83,54.1,1,C
324,96.4,89.3,91.7,97.2,21.8,5.38,88.2,1,A
325,49.9,65.0,78.4,100.0,8.5,5.86,69.5,1,B
326,46.8,39.6,35.1,75.1,5.0,8.55,41.0,1,D
327,82.4,86.8,72.6,90.2,10.8,6.11,75.9,1,B+
328,76.9,72.9,72.2,95.1,24.4,8.35,75.2,1,B+
329,74.4,75.9,83.5,63.9,1.0,9.55,74.6,1,B+
330,74.4,79.0,91.8,67.7,5.7,6.4,76.9,1,B+
331,64.8,69.4,63.0,93.5,21.0,8.02,70.1,1,B+
332,51.5,56.9,60.9,100.0,23.1,5.27,64.5,1,B
333,66.1,81.0,79.2,83.4,11.4,8.13,76.0,1,B+
334,54.8,60.4,60.8,61.8,4.6,7.3,59.6,1,C
335,79.6,79.6,96.5,100.0,24.6,7.71,77.2,1,B+
336,62.8,72.5,64.5,67.0,21.6,6.03,65.3,1,B
337,52.6,64.1,66.6,70.0,16.1,4.51,62.4,1,B
338,60.2,52.4,56.2,80.1,7.1,7.75,61.2,1,B
339,71.2,78.0,85.5,98.3,11.7,3.9,72.4,1,B+
340,56.5,64.1,65.7,87.8,11.0,6.52,59.7,1,C
341,52.7,52.3,55.1,81.2,14.0,8.41,53.6,1,C
342,68.7,81.7,80.4,81.9,20.7,7.29,78.3,1,B+
343,68.7,69.5,72.1,75.7,17.3,9.92,75.6,1,B+
344,57.4,60.4,59.3,83.4,5.5,8.54,58.4,1,C
345,57.9,58.5,63.2,37.1,20.3,6.02,61.3,1,B
346,68.5,70.6,69.4,70.6,13.9,7.04,68.2,1,B
347,43.3,36.5,39.8,78.6,16.1,6.93,44.2,1,D
348,43.9,34.4,35.2,57.7,20.8,4.63,39.2,0,F
349,54.2,69.0,76.8,80.8,5.3,5.59,69.0,1,B
350,61.8,57.0,57.7,71.9,11.8,6.16,60.1,1,B
351,69.7,63.8,54.2,100.0,8.8,3.95,73.9,1,B+
352,87.1,71.9,80.5,98.6,2.6,7.07,73.3,1,B+
353,77.9,74.8,70.4,68.0,14.1,6.63,73.4,1,B+
354,62.6,54.0,51.1,72.7,27.1,4.49,54.1,1,C
355,64.7,79.8,77.2,73.9,1.0,7.61,66.2,1,B
356,50.0,60.1,69.3,68.2,11.8,8.07,60.3,1,B
357,64.7,61.2,49.4,77.9,15.8,7.34,60.0,1,B
358,60.7,80.7,100.0,63.6,12.7,6.51,90.8,1,A+
359,69.8,79.7,87.0,58.0,11.3,7.89,73.4,1,B+
360,52.6,52.0,54.3,84.3,4.2,8.02,49.6,1,D
361,72.8,54.8,55.5,84.4,13.4,7.46,63.4,1,B
362,88.0,100.0,100.0,62.9,7.5,5.76,76.5,1,B+
363,63.4,54.3,58.4,88.4,0.0,7.41,59.0,1,C
364,71.0,59.8,64.7,65.5,19.2,8.79,65.1,1,B
365,75.4,85.6,89.9,78.8,17.8,6.11,83.9,1,A
366,59.0,80.5,82.0,87.3,12.3,10.0,79.3,1,B+
367,68.4,81.5,81.3,74.5,13.4,6.21,71.2,1,B+
368,65.2,71.7,71.8,81.8,18.4,7.05,68.6,1,B
369,66.5,73.3,73.1,67.3,13.3,5.99,64.1,1,B
370,53.4,62.2,70.0,72.1,17.4,7.33,56.9,1,C
371,65.4,73.5,78.1,71.9,10.2,4.39,70.1,1,B+
372,72.5,76.7,60.1,63.8,19.9,6.18,60.4,1,B
373,86.8,89.6,94.5,72.3,13.9,5.36,81.7,1,A
374,79.4,80.9,83.1,51.8,13.2,7.2,70.1,1,B+
375,97.3,93.3,94.2,67.6,4.4,8.49,90.1,1,A+
376,53.5,53.3,52.0,70.7,13.7,7.97,63.7,1,B
377,78.1,66.6,74.3,71.2,7.0,3.44,61.5,1,B
378,67.8,69.0,75.7,71.4,8.2,10.0,60.6,1,B
379,97.8,91.9,88.3,74.1,7.1,7.44,85.1,1,A
380,52.9,46.1,49.5,82.2,5.6,5.84,51.4,1,C
381,52.4,55.8,51.0,88.1,24.7,7.24,58.3,1,C
382,56.0,69.1,61.8,65.3,20.0,7.26,59.7,1,C
383,33.1,42.4,39.6,57.0,23.5,6.0,40.8,1,D
384,57.1,46.5,52.7,59.4,4.7,7.3,53.6,1,C
385,53.6,47.7,54.4,67.7,12.4,6.09,57.9,1,C
386,67.3,76.8,80.9,69.7,4.2,6.39,61.1,1,B
387,70.1,64.2,69.6,63.5,7.8,5.97,62.7,1,B
388,93.1,93.3,97.4,55.6,6.5,4.85,85.5,1,A
389,79.3,85.7,82.9,68.2,19.4,7.22,73.9,1,B+
390,56.3,50.6,54.2,77.7,9.6,7.88,64.3,1,B
391,51.5,54.3,60.1,83.9,18.4,7.77,55.4,1,C
392,72.4,63.7,69.2,66.6,15.6,8.23,66.9,1,B
393,45.2,42.4,50.5,68.8,25.8,7.49,53.0,1,C
394,92.5,97.1,100.0,61.1,3.1,6.2,84.0,1,A
395,82.7,72.0,75.1,74.5,19.6,8.26,65.5,1,B
396,58.0,63.5,70.9,62.3,18.9,4.96,60.1,1,B
397,39.3,41.1,41.9,83.6,6.2,5.65,49.6,1,D
398,85.3,91.7,87.4,48.2,18.0,5.55,78.2,1,B+
399,63.3,67.1,67.1,69.6,14.0,8.62,61.2,1,B
400,83.6,96.5,93.0,79.5,10.6,8.41,90.8,1,A+
401,41.1,44.1,41.0,77.8,7.1,7.73,44.3,1,D
402,56.0,54.6,54.7,100.0,7.7,8.61,56.6,1,C
403,65.1,68.1,64.3,80.2,24.3,5.68,66.6,1,B
404,65.7,72.0,71.2,59.9,12.0,7.52,70.6,1,B+
405,58.2,60.6,50.2,73.6,16.7,6.81,69.1,1,B
406,74.3,76.6,78.9,48.4,7.3,8.27,75.2,1,B+
407,49.0,45.4,46.4,73.8,7.3,6.83,54.8,1,C
408,62.9,59.6,55.7,62.5,18.5,6.42,56.1,1,C
409,66.8,57.6,62.6,88.7,3.9,7.81,57.9,1,C
410,72.7,88.7,95.3,66.8,9.5,8.31,81.0,1,A
411,75.7,67.7,59.1,73.2,12.2,6.0,65.7,1,B
412,48.1,44.6,41.0,65.5,12.7,6.91,41.4,1,D
413,42.0,38.3,34.7,100.0,10.9,5.41,43.4,1,D
414,84.2,93.4,88.8,70.2,14.4,3.25,83.1,1,A
415,70.0,69.6,75.6,100.0,16.2,7.3,74.7,1,B+
416,53.8,65.8,65.6,87.2,16.4,7.91,66.4,1,B
417,88.3,84.9,84.3,82.2,6.1,7.39,82.6,1,A
418,66.7,70.9,59.9,80.5,10.3,4.08,61.0,1,B
419,82.7,78.0,82.8,80.9,19.2,6.47,75.7,1,B+
420,66.0,85.2,78.8,46.1,17.4,3.67,63.6,1,B
421,95.9,88.4,89.8,70.8,3.8,9.05,93.9,1,A+
422,91.3,95.8,98.5,87.7,14.1,5.37,89.3,1,A
423,61.3,68.4,77.6,74.3,0.1,8.88,66.5,1,B
424,79.6,84.9,78.0,53.9,12.3,8.42,70.7,1,B+
425,74.7,75.2,58.1,74.2,23.4,5.65,82.2,1,A
426,85.5,86.5,88.6,100.0,6.3,5.3,77.5,1,B+
427,50.5,52.9,64.7,93.7,7.0,7.53,57.0,1,C
428,75.3,76.1,84.5,74.1,16.6,5.73,77.2,1,B+
429,80.9,90.6,92.9,89.3,2.7,7.15,86.5,1,A
430,38.6,58.3,56.4,69.5,8.2,6.28,56.8,1,C
431,47.3,44.8,50.6,49.4,15.6,4.33,55.9,1,C
432,34.4,25.4,20.6,61.1,8.2,3.65,32.4,0,F
433,61.0,62.3,66.2,98.4,10.6,7.34,60.0,1,B
434,75.8,98.4,100.0,70.9,16.5,6.16,84.1,1,A
435,87.5,83.1,90.5,71.3,14.5,6.17,83.0,1,A
436,66.1,81.2,98.8,70.5,13.6,8.04,89.2,1,A
437,89.4,100.0,100.0,100.0,10.0,8.76,85.7,1,A
438,44.3,41.9,39.8,99.4,14.2,6.59,54.2,1,C
439,39.4,46.0,46.8,100.0,11.3,6.49,50.7,1,C
440,64.2,79.2,69.6,72.6,14.7,7.75,73.5,1,B+
441,70.8,69.8,66.6,79.4,9.0,4.96,65.9,1,B
442,64.5,64.9,63.4,52.3,10.9,7.33,57.1,1,C
443,34.0,31.3,29.2,97.2,6.1,7.83,43.1,1,D
444,63.7,57.6,59.5,57.5,11.8,8.02,62.4,1,B
445,45.4,42.2,38.3,78.3,7.1,4.09,48.8,1,D
446,75.0,67.2,74.9,58.5,5.3,5.86,67.3,1,B
447,70.5,72.8,73.8,66.2,13.6,5.68,65.8,1,B
448,50.9,46.7,47.6,62.4,13.3,7.15,42.0,1,D
449,57.3,61.2,60.2,65.9,16.7,7.72,63.9,1,B
450,49.1,38.7,40.6,66.9,9.4,9.25,48.5,1,D
451,64.1,68.7,74.7,66.8,14.4,6.26,62.0,1,B
452,79.3,88.0,83.8,87.5,15.3,6.25,77.7,1,B+
453,50.2,36.3,33.4,58.4,14.7,8.72,41.0,1,D
454,72.6,77.6,76.8,78.3,7.0,7.44,65.4,1,B
455,57.0,68.8,61.7,93.3,12.9,8.9,60.9,1,B
456,53.1,45.4,41.5,67.3,14.2,7.43,43.3,1,D
457,63.4,78.8,76.9,64.2,12.0,5.26,66.8,1,B
458,49.5,54.9,61.1,71.5,0.0,5.0,50.4,1,C
459,56.7,53.1,55.7,92.7,13.0,4.67,48.9,1,D
460,47.0,48.6,50.8,77.9,25.3,7.99,63.6,1,B
461,94.5,100.0,100.0,67.0,9.8,8.78,97.0,1,A+
462,65.5,68.1,68.3,82.3,7.6,9.77,63.9,1,B
463,54.5,60.8,64.1,58.5,14.2,8.26,60.8,1,B
464,68.2,62.8,63.2,85.2,13.9,8.74,68.1,1,B
465,63.3,66.7,69.3,81.1,19.2,6.13,72.3,1,B+
466,61.7,52.4,49.9,70.4,4.5,5.27,49.5,1,D
467,74.2,75.3,61.7,62.4,16.4,8.28,73.4,1,B+
468,76.4,71.2,71.4,61.7,15.5,7.63,67.1,1,B
469,57.0,53.1,62.6,83.0,11.1,7.16,52.6,1,C
470,56.4,68.3,74.9,93.4,14.0,7.58,71.8,1,B+
471,60.9,71.6,78.4,65.4,18.2,7.48,75.2,1,B+
472,30.5,37.4,45.8,81.9,17.2,8.93,58.0,1,C
473,42.3,35.6,37.1,43.7,5.1,8.94,34.0,0,F
474,85.5,85.0,87.2,66.2,16.9,7.82,84.5,1,A
475,89.7,100.0,97.3,74.5,11.6,8.27,87.3,1,A
476,61.3,64.4,63.5,61.4,12.4,7.77,65.7,1,B
477,73.6,94.2,98.9,61.0,12.4,6.31,74.8,1,B+
478,69.7,74.8,83.0,65.0,11.1,8.13,66.4,1,B
479,100.0,100.0,100.0,79.4,19.2,4.91,88.4,1,A
480,81.8,81.3,79.6,72.2,11.5,8.58,77.7,1,B+
481,63.1,66.2,67.2,41.4,5.3,5.21,56.6,1,C
482,50.7,51.5,56.1,43.2,9.6,7.43,54.7,1,C
483,40.9,48.6,40.9,65.9,13.1,5.73,50.5,1,C
484,68.1,77.8,65.0,81.9,19.4,7.83,73.0,1,B+
485,53.7,49.4,47.1,33.8,15.6,6.95,56.4,1,C
486,43.7,35.1,28.8,67.5,6.9,4.61,40.2,1,D
487,55.3,42.6,40.6,67.1,26.9,7.63,43.8,1,D
488,48.8,54.9,55.0,95.8,13.6,6.13,63.2,1,B
489,90.3,83.5,81.8,69.2,19.7,8.32,78.0,1,B+
490,78.2,63.0,72.7,80.7,11.1,7.0,74.3,1,B+
491,64.9,70.0,73.0,77.1,15.2,7.59,76.5,1,B+
492,87.2,100.0,100.0,43.0,17.0,5.56,87.9,1,A
493,66.2,68.2,72.9,86.5,19.3,6.12,61.6,1,B
494,52.1,60.8,55.0,78.2,18.3,6.31,52.9,1,C
495,87.8,90.5,97.7,82.6,17.2,8.29,94.6,1,A+
496,73.1,74.3,74.8,100.0,10.1,9.52,74.2,1,B+
497,49.4,58.8,63.8,43.7,8.6,5.79,54.7,1,C
498,62.1,61.8,56.4,100.0,14.0,8.62,67.4,1,B
499,51.9,56.0,47.7,70.7,17.6,3.75,55.5,1,C
500,44.3,48.9,54.8,79.3,10.7,5.21,52.7,1,C
501,78.9,75.6,78.9,74.3,18.4,5.56,73.3,1,B+
502,93.6,100.0,95.6,68.6,20.7,4.97,86.9,1,A
503,44.0,44.6,40.4,66.5,6.5,4.62,48.2,1,D
504,73.4,69.4,77.2,79.9,7.0,7.62,74.1,1,B+
505,55.2,61.5,55.4,52.2,11.2,6.68,54.2,1,C
506,57.7,52.5,63.4,86.3,13.8,7.57,65.8,1,B
507,56.1,58.3,53.9,68.8,8.9,8.04,55.9,1,C
508,52.0,53.9,58.7,58.0,20.1,7.4,51.3,1,C
509,65.7,76.4,75.4,68.2,14.5,7.99,66.6,1,B
510,52.5,58.3,62.9,93.9,12.2,6.9,55.7,1,C
511,69.1,70.9,68.6,67.0,3.4,5.22,63.9,1,B
512,64.2,72.7,72.7,80.4,4.1,8.59,74.9,1,B+
513,61.4,74.5,75.7,64.0,13.7,6.12,63.5,1,B
514,51.4,57.9,52.9,86.4,0.0,5.6,55.6,1,C
515,56.3,58.4,63.8,85.3,18.1,6.73,58.2,1,C
516,76.3,67.8,65.7,100.0,11.1,5.63,68.4,1,B
517,72.5,66.0,65.6,72.4,31.5,6.37,60.3,1,B
518,50.3,49.9,44.9,85.0,25.8,7.52,52.3,1,C
519,66.5,63.6,49.2,76.5,10.9,7.52,58.8,1,C
520,76.3,76.8,76.7,94.4,11.4,5.65,77.4,1,B+
521,40.0,42.5,58.0,64.2,18.0,6.27,50.5,1,C
522,73.2,79.4,85.1,86.2,22.2,8.61,72.8,1,B+
523,55.1,56.5,57.4,72.1,2.2,7.74,61.8,1,B
524,73.6,79.5,78.9,74.0,1.3,10.0,75.5,1,B+
525,53.6,56.1,57.2,76.4,8.3,8.77,58.4,1,C
526,37.9,24.1,28.4,78.8,15.5,8.72,37.8,0,F
527,40.6,35.1,29.0,73.3,15.0,4.92,36.3,0,F
528,65.7,66.5,74.2,78.2,18.4,8.15,70.1,1,B+
529,68.9,61.2,66.5,98.7,4.8,6.92,68.7,1,B
530,51.4,58.2,63.5,89.8,0.0,6.17,49.8,1,D
531,74.6,88.8,92.4,88.0,17.1,7.25,80.0,1,A
532,40.1,51.9,53.0,68.2,7.0,8.42,49.4,1,D
533,64.0,64.3,69.3,61.7,0.0,7.75,64.2,1,B
534,46.8,60.7,65.3,89.3,12.9,5.68,65.5,1,B
535,55.2,58.4,57.3,88.1,16.8,8.11,56.3,1,C
536,65.7,65.0,62.6,97.1,11.3,6.04,62.8,1,B
537,52.1,49.2,50.8,65.9,9.3,7.33,49.2,1,D
538,59.2,58.8,69.1,71.6,11.0,6.54,57.8,1,C
539,80.1,79.0,72.6,50.4,9.8,6.67,69.2,1,B
540,56.3,59.7,51.9,69.1,3.9,8.15,59.8,1,C
541,77.5,80.8,82.8,89.9,7.7,5.44,71.6,1,B+
542,48.1,50.1,51.4,68.0,15.1,9.92,55.4,1,C
543,72.9,78.4,80.4,84.6,13.9,4.27,65.4,1,B
544,86.6,98.1,100.0,72.1,13.0,6.1,84.9,1,A
545,27.9,37.5,37.2,79.9,6.0,7.56,38.2,0,F
546,53.0,43.1,53.0,57.8,10.9,7.88,59.1,1,C
547,73.7,55.3,46.7,76.3,0.0,6.85,55.9,1,C
548,62.0,71.5,67.5,30.1,13.1,6.91,50.4,1,C
549,70.6,61.7,62.1,72.2,20.6,7.62,54.8,1,C
550,55.9,56.1,47.2,50.5,3.2,6.65,51.0,1,C
551,66.3,58.9,58.8,93.1,8.5,9.09,66.7,1,B
552,62.7,50.3,61.3,86.7,14.0,8.26,62.7,1,B
553,82.5,88.8,89.9,82.0,19.5,8.31,84.9,1,A
554,68.8,76.9,79.3,97.8,9.3,5.55,79.5,1,B+
555,70.1,67.5,60.9,60.8,7.8,6.88,60.3,1,B
556,58.8,40.1,37.4,100.0,0.2,6.55,53.7,1,C
557,57.7,55.3,54.0,89.0,12.6,5.49,49.2,1,D
558,58.5,63.6,62.7,71.5,24.3,7.54,58.2,1,C
559,70.9,61.1,69.8,92.0,13.7,6.19,58.6,1,C
560,58.7,62.2,66.5,58.4,11.9,7.98,59.8,1,C
561,69.3,71.2,65.5,62.6,13.9,5.39,64.9,1,B
562,96.1,100.0,100.0,65.9,11.9,9.58,92.2,1,A+
563,78.1,81.1,85.1,67.1,7.1,5.66,75.9,1,B+
564,60.1,54.3,62.1,59.2,16.9,7.33,53.9,1,C
565,83.0,94.6,100.0,93.3,13.4,8.19,88.2,1,A
566,58.9,59.6,54.5,71.1,12.1,6.14,49.9,1,D
567,34.4,36.2,32.3,80.3,6.1,8.28,46.9,1,D
568,49.9,44.4,37.9,66.4,19.8,5.16,44.6,1,D
569,36.9,35.4,35.0,47.7,16.0,9.18,37.1,0,F
570,59.7,54.6,58.4,79.1,8.7,7.02,66.3,1,B
571,65.3,65.9,72.8,46.3,18.0,6.11,57.9,1,C
572,90.1,100.0,100.0,74.0,9.0,6.55,83.5,1,A
573,69.9,60.9,60.0,54.5,7.3,8.21,55.5,1,C
574,61.7,50.8,52.7,100.0,7.4,6.12,57.4,1,C
575,77.4,91.2,87.2,88.7,1.4,5.88,82.4,1,A
576,31.8,32.1,45.6,76.6,14.8,6.67,45.8,1,D
577,68.5,65.1,56.5,94.0,1.0,5.23,75.3,1,B+
578,76.6,86.9,89.0,62.3,4.6,9.73,67.9,1,B
579,42.8,40.0,53.1,83.2,0.0,6.15,51.1,1,C
580,82.2,98.8,99.8,78.0,11.5,8.25,85.5,1,A
581,70.1,77.5,77.4,79.0,11.1,7.31,69.9,1,B
582,58.8,56.9,55.8,94.1,10.0,5.52,55.7,1,C
583,74.5,93.8,93.7,86.0,5.7,6.99,78.3,1,B+
584,99.1,96.3,100.0,79.3,5.0,8.18,99.8,1,A+
585,67.7,75.6,63.3,50.2,14.8,6.72,68.9,1,B
586,68.7,73.1,83.3,60.6,8.7,8.79,71.9,1,B+
587,58.1,70.5,63.0,73.2,13.9,8.53,70.8,1,B+
588,52.3,66.8,66.2,76.4,6.7,8.38,54.6,1,C
589,77.5,79.8,78.2,58.0,13.1,6.31,66.4,1,B
590,52.2,48.2,52.7,100.0,19.8,5.38,44.7,1,D
591,66.1,71.8,63.2,97.7,15.5,6.08,64.3,1,B
592,57.8,54.4,58.2,84.0,9.5,7.29,59.3,1,C
593,72.2,90.3,100.0,76.1,13.5,7.82,84.0,1,A
594,70.0,73.1,65.9,71.8,10.6,3.74,66.4,1,B
595,80.6,79.7,81.8,60.7,12.0,6.99,68.3,1,B
596,57.3,60.8,57.8,76.2,10.0,7.24,63.1,1,B
597,61.0,52.2,55.8,78.9,11.0,6.58,58.5,1,C
598,50.3,44.5,45.6,56.4,13.3,8.94,52.5,1,C
599,58.3,69.9,67.1,80.0,6.0,7.63,55.1,1,C
600,70.7,67.4,71.3,72.7,5.9,8.97,69.8,1,B
601,76.4,70.0,81.8,46.4,3.7,6.68,63.6,1,B
602,51.2,57.5,57.4,62.1,2.4,8.41,53.1,1,C
603,78.0,89.5,94.8,68.8,4.7,9.45,85.1,1,A
604,85.3,93.1,86.3,100.0,13.0,8.97,86.7,1,A
605,71.2,81.2,76.5,83.3,6.6,5.36,68.5,1,B
606,93.2,89.1,92.9,55.0,15.1,6.62,83.8,1,A
607,53.4,44.0,53.9,82.3,12.2,6.48,45.6,1,D
608,46.3,60.3,63.4,51.8,0.2,7.73,60.5,1,B
609,38.3,37.7,36.8,91.2,15.9,8.03,43.7,1,D
610,87.4,87.4,88.4,67.9,16.9,5.74,87.2,1,A
611,74.8,87.4,80.9,73.6,6.0,7.1,73.7,1,B+
612,64.2,70.6,75.2,94.9,14.5,3.97,66.6,1,B
613,69.2,74.8,81.1,55.7,6.9,9.16,67.3,1,B
614,48.1,67.4,65.7,54.0,12.6,6.23,62.7,1,B
615,100.0,96.9,95.1,66.2,4.4,7.08,84.8,1,A
616,66.9,76.3,78.9,90.6,1.2,6.54,75.1,1,B+
617,66.6,69.1,67.5,52.2,9.7,8.72,62.8,1,B
618,75.9,80.0,80.6,32.5,11.3,2.74,59.0,1,C
619,72.2,86.4,100.0,68.2,9.6,6.98,78.1,1,B+
620,68.4,74.5,74.0,83.3,4.9,6.84,64.3,1,B
621,53.1,59.4,58.2,93.0,9.6,6.32,59.2,1,C
622,72.1,82.7,79.8,68.1,13.6,9.59,69.7,1,B
623,93.2,92.3,97.8,68.8,11.7,5.67,91.2,1,A+
624,85.2,80.5,80.4,92.3,13.1,8.16,79.7,1,B+
625,88.9,82.5,79.6,47.0,8.0,7.53,75.1,1,B+
626,57.3,43.6,52.5,69.2,19.0,8.89,57.5,1,C
627,50.2,68.6,78.1,77.9,4.9,6.0,69.2,1,B
628,63.1,56.3,53.7,81.7,14.9,5.9,58.5,1,C
629,65.8,66.0,55.8,67.4,19.1,8.64,58.8,1,C
630,81.4,81.2,88.2,75.5,14.9,7.64,71.1,1,B+
631,39.6,44.1,41.0,37.7,10.8,4.68,37.0,0,F
632,87.9,96.4,100.0,65.1,8.8,6.19,83.5,1,A
633,62.6,71.5,60.7,81.8,18.2,7.58,66.1,1,B
634,58.6,55.9,62.3,60.3,3.5,8.26,56.1,1,C
635,49.8,50.5,44.2,75.9,6.2,5.98,53.0,1,C
636,40.2,44.5,49.9,81.7,9.6,2.63,43.5,1,D
637,77.3,77.3,78.4,69.9,19.4,7.78,74.7,1,B+
638,66.1,81.0,76.3,77.6,14.3,5.17,77.4,1,B+
639,45.7,51.6,50.2,60.6,6.2,3.97,49.8,1,D
640,45.6,53.5,58.6,71.9,10.1,2.75,51.6,1,C
641,60.0,67.3,68.9,84.2,8.3,8.22,62.8,1,B
642,90.0,100.0,100.0,77.4,7.7,7.19,86.4,1,A
643,61.1,64.5,77.4,66.2,17.9,6.66,62.1,1,B
644,42.5,34.1,25.7,78.4,3.8,9.08,36.9,0,F
645,61.3,66.5,77.2,85.7,21.7,7.96,73.6,1,B+
646,60.9,57.7,59.3,44.3,17.0,9.42,57.2,1,C
647,24.5,22.3,17.9,92.4,18.5,4.91,23.9,0,F
648,64.2,70.9,63.9,70.0,9.2,6.95,73.2,1,B+
649,61.5,73.4,73.3,81.4,11.1,4.57,68.8,1,B
650,75.4,77.6,84.1,93.0,3.4,6.66,69.4,1,B
651,92.7,97.2,97.4,54.4,8.9,6.63,84.1,1,A
652,81.9,97.5,100.0,64.4,15.0,7.94,87.3,1,A
653,61.0,64.9,57.2,70.7,19.8,7.07,69.7,1,B
654,48.4,71.2,72.1,63.2,5.4,7.94,56.8,1,C
655,100.0,100.0,93.5,100.0,9.8,8.06,97.9,1,A+
656,65.9,53.8,57.0,62.1,11.1,10.0,66.3,1,B
657,65.2,73.2,79.5,66.7,3.6,6.53,65.6,1,B
658,64.6,69.6,68.1,78.1,15.5,5.59,64.7,1,B
659,68.0,80.3,65.7,57.0,7.7,7.37,61.8,1,B
660,62.8,70.2,72.4,69.1,10.8,5.8,64.8,1,B
661,56.4,57.3,60.9,79.8,9.3,9.22,60.0,1,B
662,56.8,49.0,52.4,70.0,7.3,6.58,56.5,1,C
663,64.5,64.8,73.2,73.6,12.0,6.15,71.4,1,B+
664,56.8,52.0,46.6,67.1,10.7,6.29,48.4,1,D
665,54.3,51.7,56.8,52.3,9.8,8.08,44.0,1,D
666,66.6,73.3,81.5,79.8,7.6,6.76,71.4,1,B+
667,61.2,76.6,66.9,100.0,13.9,6.04,70.4,1,B+
668,87.6,92.8,95.7,75.3,21.9,9.5,89.5,1,A
669,25.2,17.6,15.6,78.4,12.8,5.72,25.7,0,F
670,81.4,87.0,87.5,85.4,18.0,7.05,82.8,1,A
671,83.7,95.3,98.4,56.0,3.7,7.98,91.8,1,A+
672,33.9,31.0,29.1,100.0,12.9,4.55,40.4,1,D
673,59.9,60.8,57.7,78.0,5.4,7.72,57.8,1,C
674,59.4,61.5,62.7,99.5,3.1,5.42,59.5,1,C
675,43.9,39.6,34.1,64.0,7.6,8.23,41.5,1,D
676,53.3,60.5,55.0,100.0,19.2,5.56,67.8,1,B
677,48.3,49.3,54.4,86.6,17.7,8.04,54.3,1,C
678,91.3,96.7,90.8,83.3,13.5,8.66,88.2,1,A
679,79.0,73.9,78.9,78.5,2.8,8.29,71.8,1,B+
680,84.1,82.6,86.4,71.3,10.8,7.38,85.0,1,A
681,75.8,83.6,74.2,93.0,13.8,6.65,85.9,1,A
682,48.1,47.1,44.0,77.1,13.1,6.14,51.3,1,C
683,57.1,72.9,81.1,45.5,0.9,9.21,66.5,1,B
684,72.3,71.1,66.2,58.2,6.7,5.95,65.4,1,B
685,46.7,50.5,48.7,72.2,11.6,5.44,38.1,0,F
686,75.7,85.2,89.0,79.6,15.2,8.0,84.1,1,A
687,61.4,52.1,57.8,74.2,0.0,5.81,56.7,1,C
688,59.4,47.3,46.8,93.3,11.0,5.57,56.1,1,C
689,75.7,65.5,62.9,45.7,12.9,4.83,58.9,1,C
690,71.7,83.8,93.3,77.2,17.1,6.28,77.5,1,B+
691,59.6,57.2,68.6,47.7,16.2,6.88,57.6,1,C
692,82.4,100.0,100.0,86.4,15.5,7.36,94.6,1,A+
693,48.8,46.3,47.8,73.6,7.2,8.43,48.5,1,D
694,74.2,77.7,73.9,81.3,0.6,7.79,82.6,1,A
695,73.9,88.2,84.2,62.0,9.6,6.71,78.5,1,B+
696,60.4,78.4,82.5,94.2,18.0,6.7,67.6,1,B
697,69.9,88.4,91.9,90.6,20.4,7.77,81.5,1,A
698,46.2,57.9,67.3,83.8,16.3,8.91,57.4,1,C
699,78.9,89.1,94.0,73.1,14.6,7.19,71.6,1,B+
700,62.2,68.9,60.9,83.7,14.3,6.3,72.0,1,B+
701,57.2,65.4,72.7,64.4,8.7,5.51,66.0,1,B
702,80.7,78.3,73.3,87.8,11.2,4.83,76.7,1,B+
703,54.4,49.9,48.6,99.7,22.0,8.0,57.7,1,C
704,43.9,45.9,48.4,91.1,6.3,7.87,43.7,1,D
705,41.7,42.3,55.3,64.1,21.7,7.87,47.7,1,D
706,74.1,72.5,92.2,80.4,10.1,6.81,81.0,1,A
707,45.8,53.4,58.0,55.6,20.0,9.11,49.1,1,D
708,91.3,100.0,99.9,83.6,3.6,6.27,77.0,1,B+
709,33.8,36.5,40.7,81.8,15.5,8.43,42.6,1,D
710,90.4,100.0,100.0,47.0,7.6,6.94,85.8,1,A
711,68.2,61.1,60.2,57.6,3.5,6.09,60.2,1,B
712,63.5,64.0,75.8,70.8,13.3,7.89,70.6,1,B+
713,56.8,53.1,55.5,70.5,18.1,7.61,60.0,1,B
714,71.0,58.1,62.1,56.9,6.9,7.54,62.3,1,B
715,64.4,65.7,70.7,80.8,3.0,7.12,71.7,1,B+
716,81.5,82.5,86.0,78.8,11.4,6.94,71.7,1,B+
717,66.7,80.8,86.8,72.1,11.5,10.0,78.8,1,B+
718,67.3,74.3,71.6,63.7,15.3,8.78,72.3,1,B+
719,59.5,53.3,51.0,90.7,17.7,8.08,52.2,1,C
720,64.1,80.9,75.3,99.8,11.6,7.17,66.1,1,B
721,69.6,81.4,85.0,67.7,23.1,8.51,72.9,1,B+
722,39.3,46.0,51.7,65.8,13.3,7.78,45.3,1,D
723,44.8,45.0,48.7,82.4,9.9,7.04,53.6,1,C
724,76.1,70.4,81.4,69.6,2.3,6.54,68.4,1,B
725,67.6,66.6,67.6,72.9,10.4,6.88,61.3,1,B
726,62.2,72.9,77.9,86.1,10.0,2.24,64.8,1,B
727,65.3,82.4,76.8,46.4,17.8,7.32,75.6,1,B+
728,70.2,84.5,83.2,94.8,14.8,6.27,77.8,1,B+
729,56.9,55.0,60.2,76.1,4.9,9.39,57.9,1,C
730,53.3,46.3,52.4,68.8,13.0,7.03,51.8,1,C
731,67.9,71.0,70.2,73.7,16.0,5.22,73.8,1,B+
732,50.3,38.2,38.8,74.4,21.2,6.93,43.0,1,D
733,71.1,75.7,67.6,49.0,17.3,5.43,72.9,1,B+
734,39.5,40.3,39.2,97.4,16.6,7.71,48.0,1,D
735,80.4,78.7,85.0,75.6,12.4,7.44,77.0,1,B+
736,72.1,61.3,65.8,81.6,14.3,8.44,79.4,1,B+
737,68.8,74.9,78.9,89.3,19.5,5.81,68.1,1,B
738,79.7,77.4,78.7,59.7,4.0,7.05,71.0,1,B+
739,90.0,82.6,83.6,82.1,9.9,4.95,73.7,1,B+
740,80.2,59.2,56.2,71.0,7.4,8.05,68.3,1,B
741,37.4,39.2,44.4,87.7,14.3,7.78,55.0,1,C
742,45.8,62.0,65.5,43.1,19.4,7.74,65.1,1,B
743,55.6,70.9,74.9,73.5,8.4,7.0,71.9,1,B+
744,65.4,63.7,61.5,66.0,0.0,7.62,60.1,1,B
745,72.8,70.0,58.1,81.5,9.5,9.41,65.1,1,B
746,54.1,59.9,67.5,82.1,17.5,6.57,53.6,1,C
747,67.8,61.8,59.9,64.4,15.2,7.21,72.1,1,B+
748,53.7,58.1,53.9,64.3,14.6,5.37,57.0,1,C
749,55.8,63.9,69.1,73.3,10.3,5.7,59.4,1,C
750,43.9,55.7,54.3,61.6,4.3,7.15,58.0,1,C
751,51.2,52.4,59.8,87.6,15.1,8.66,53.6,1,C
752,44.7,45.1,49.8,69.5,7.0,6.62,50.4,1,C
753,50.4,45.4,50.5,31.4,25.1,6.65,47.2,1,D
754,80.8,76.2,69.0,69.4,15.4,6.39,74.8,1,B+
755,50.8,51.0,59.3,59.4,8.5,6.2,52.8,1,C
756,100.0,100.0,100.0,50.5,8.3,7.44,82.3,1,A
757,72.4,81.7,80.5,56.4,11.4,4.75,72.2,1,B+
758,67.8,63.4,65.3,76.6,10.6,8.92,70.8,1,B+
759,52.1,66.0,56.3,94.9,18.7,6.0,60.6,1,B
760,75.5,75.3,78.8,79.7,13.1,8.08,78.5,1,B+
761,56.4,58.2,53.0,65.9,7.6,5.1,49.2,1,D
762,66.8,62.8,55.7,81.8,23.3,8.0,63.5,1,B
763,100.0,82.6,74.5,68.1,12.3,8.01,76.9,1,B+
764,63.6,72.7,80.4,64.6,16.6,7.58,73.8,1,B+
765,82.2,90.1,87.3,57.7,8.4,5.51,78.8,1,B+
766,54.5,54.2,64.4,48.7,14.2,7.37,59.9,1,C
767,64.5,67.0,64.8,69.2,13.9,5.23,68.7,1,B
768,91.6,97.7,88.5,77.4,0.7,6.62,88.5,1,A
769,55.6,45.1,39.4,73.6,24.1,8.54,52.4,1,C
770,92.2,90.0,98.4,68.8,19.7,8.2,83.0,1,A
771,75.6,84.0,84.1,60.8,9.6,7.02,75.7,1,B+
772,56.6,48.6,46.3,84.1,5.4,5.54,49.2,1,D
773,74.5,78.8,80.8,55.2,14.1,7.97,71.8,1,B+
774,79.6,70.7,74.7,86.6,12.5,7.03,71.5,1,B+
775,74.3,80.0,87.7,60.0,14.1,3.52,69.2,1,B
776,41.4,43.1,52.8,63.7,13.1,8.17,38.9,0,F
777,54.1,43.2,42.0,53.0,15.0,6.96,43.9,1,D
778,61.3,72.6,65.6,67.5,20.7,8.8,67.3,1,B
779,63.9,60.0,58.5,89.6,15.4,5.36,55.0,1,C
780,74.3,69.8,72.4,82.7,5.7,2.23,67.8,1,B
781,67.7,71.3,66.5,89.7,20.2,7.42,78.9,1,B+
782,45.0,56.2,51.5,82.8,21.8,7.44,60.0,1,B
783,70.7,64.6,67.7,58.4,30.9,4.46,73.5,1,B+
784,74.2,76.7,77.4,70.0,5.3,5.53,73.2,1,B+
785,73.4,78.8,80.0,63.3,13.5,10.0,80.6,1,A
786,81.2,88.7,85.1,95.0,0.0,6.54,77.2,1,B+
787,77.5,80.9,80.5,57.0,15.3,8.1,71.8,1,B+
788,71.9,71.0,66.5,88.4,8.7,6.02,54.7,1,C
789,63.9,59.3,65.6,88.4,23.5,3.86,69.5,1,B
790,40.1,42.8,50.0,100.0,7.4,6.74,57.5,1,C
791,71.4,64.8,54.7,68.9,1.9,6.6,58.1,1,C
792,68.1,46.7,42.1,85.7,9.2,6.4,52.8,1,C
793,69.1,74.6,66.6,100.0,0.1,6.83,65.6,1,B
794,45.8,55.0,52.1,65.7,16.5,7.4,54.7,1,C
795,48.8,31.9,32.4,52.0,0.0,6.77,44.1,1,D
796,80.8,74.7,67.0,46.8,12.2,5.1,58.7,1,C
797,64.4,71.4,66.9,85.7,0.0,7.73,68.5,1,B
798,75.2,93.7,88.7,46.8,10.1,4.08,75.2,1,B+
799,65.4,67.6,69.8,69.4,21.9,3.92,65.8,1,B
800,65.4,61.6,63.0,81.6,14.2,8.11,66.6,1,B
